address,dump1,dump2
[0x00000975],cdda,10b9
[0x00000977],0009,0020
[0x00000981],ad2b,f00f
[0x00000983],0009,0020
[0x00000995],ad2b,f00f
[0x00000997],0009,0020
[0x000009a1],0293,0283
[0x000009a5],0bab,65b2
[0x000009b5],c365,ac3d
[0x000009b7],0009,0020
[0x00000a01],0293,0283
[0x00001bb5],000a,000c
[0x00001bc1],d129,cef7
[0x00001bc3],0b08,0b45
[0x00001bc5],c365,ac3d
[0x00001bc7],0009,0020
[0x000027a1],cc8f,9310
[0x00097161],0004,0005
[0x00097175],0024,0032
[0x000a2145],f1c8,f188
[0x000a2151],0064,0000
[0x000a2165],f1e8,f148
[0x000a21a5],f188,f1c8
[0x000a21d1],0190,0000
[0x000a21f1],03e8,0064
[0x000a8911],f148,f1e8
[0x000ac9a1],d129,cef7
[0x000ac9a3],0b08,0b45
[0x000ac9a5],c365,ac3d
[0x000ac9a7],0009,0020
[0x000ac9b7],000a,000c
[0x000ac9d5],cc8f,9310
[0x000c2d75],0000,0307
[0x000ccc05],e000,d000
[0x000e2fc1],f6b8,9061
[0x000e2fc3],0009,0020
[0x000e2fd1],f6b8,9061
[0x000e2fd3],0009,0020
[0x000e2fd5],16ca,b11f
[0x000e2fd7],0009,0020
[0x000fe025],e000,d000
[0x00100453],3963,3763
[0x00101821],4063,3063
[0x00104005],e167,d167
[0x0012d005],9127,8127
[0x0012d011],8127,7127
[0x0012d015],7127,6127
[0x0012d021],6167,5167
[0x0012e795],a825,d8fa
[0x0012e797],000b,0022
[0x00130185],ad2b,f00f
[0x00130187],0009,0020
[0x00142f51],f436,63c0
[0x00142f53],0008,001f
[0x00142f55],d836,47c0
[0x00142f57],000a,0022
[0x00152f01],9674,3662
[0x00152f03],0008,001f
[0x00152f05],7a74,1a62
[0x00152f07],000a,0022
[0x00152fc5],d836,47c0
[0x00152fc7],000a,0022
[0x00152fd1],f436,63c0
[0x00152fd3],0008,001f
[0x00162e31],012e,c359
[0x00162e33],0008,001f
[0x00162e35],e52e,a759
[0x00162e37],000a,0022
[0x00162ed1],775c,2964
[0x00162ed3],0008,001f
[0x00162ed5],5b5c,0d64
[0x00162ed7],000a,0022
[0x00162f85],010d,48ea
[0x00162f87],000a,0022
[0x00162f91],1d0d,64ea
[0x00162f93],0008,001f
[0x00172a21],0c73,be58
[0x00172a23],0008,001f
[0x00172a25],f073,a258
[0x00172a27],000a,0022
[0x00172a71],5dbc,0fae
[0x00172a73],000a,0022
[0x00172de1],3333,5195
[0x00172de3],0008,0020
[0x00172de5],aa62,1bc8
[0x00172de7],0008,0020
[0x00172e01],aa62,1bc8
[0x00172e03],0008,0020
[0x00172e05],0287,0297
[0x00172e11],8375,a49e
[0x00172e21],b108,aee2
[0x00172e23],0008,001f
[0x00172e65],0287,0297
[0x00172e91],1249,3070
[0x00172e93],0008,0020
[0x00172e95],f649,1470
[0x00172e97],000b,0022
[0x00172ec1],e32a,6bef
[0x00172ec3],0008,001f
[0x00172ed5],a825,d8fa
[0x00172ed7],000b,0022
[0x00172ef1],e32a,6bef
[0x00172ef3],0008,001f
[0x00172fc5],c72a,4fef
[0x00172fc7],000a,0022
[0x00172fd1],e32a,6bef
[0x00172fd3],0008,001f
[0x00182d95],db13,760f
[0x00182d97],000a,0022
[0x00182da1],f713,920f
[0x00182da3],0008,001f
[0x00182dd1],16ca,b11f
[0x00182dd3],0009,0020
[0x00182dd5],f6b8,9061
[0x00182dd7],0009,0020
[0x00182df1],f6b8,9061
[0x00182df3],0009,0020
[0x00182e01],ffd6,0614
[0x00182e11],17b3,ac3d
[0x00182e13],0009,0020
[0x00182ec5],ad2b,f00f
[0x00182ec7],0009,0020
[0x00182f01],ef82,d789
[0x00182f03],0008,001f
[0x00182f11],cc2b,0f0f
[0x00182f13],0009,0020
[0x00182fb1],db13,760f
[0x00182fb3],000a,0022
[0x00182fb5],f713,920f
[0x00182fb7],0008,001f
